{
  "accuracy": 0.9993192317437138,
  "precision": 0.9941006865326047,
  "recall": 0.9996959584723767,
  "f1": 0.9968904713838327,
  "confusion_matrix": [
    [
      1099719,
      800
    ],
    [
      41,
      134809
    ]
  ],
  "classification_report": {
    "0": {
      "precision": 0.9999627191387211,
      "recall": 0.9992730702513996,
      "f1-score": 0.9996177757457122,
      "support": 1100519.0
    },
    "1": {
      "precision": 0.9941006865326047,
      "recall": 0.9996959584723767,
      "f1-score": 0.9968904713838327,
      "support": 134850.0
    },
    "accuracy": 0.9993192317437138,
    "macro avg": {
      "precision": 0.997031702835663,
      "recall": 0.9994845143618881,
      "f1-score": 0.9982541235647724,
      "support": 1235369.0
    },
    "weighted avg": {
      "precision": 0.9993228333257091,
      "recall": 0.9993192317437138,
      "f1-score": 0.9993200695597877,
      "support": 1235369.0
    }
  },
  "total_samples": 1235369,
  "misclassified": 841
}